Wall time,Step,Value
1744536456.8181822,0,0.8970665335655212
1744536458.972446,1,0.2595416307449341
1744536461.0947042,2,0.21925126016139984
1744536463.1458316,3,0.2216031849384308
1744536465.2010434,4,0.2346239686012268
1744536467.320194,5,0.18202084302902222
1744536469.371986,6,0.18931204080581665
1744536471.4268525,7,0.198138028383255
