Wall time,Step,Value
1744536456.8398132,0,0.7074295878410339
1744536458.9727893,1,0.8393793106079102
1744536461.0950768,2,0.8381035327911377
1744536463.1459947,3,0.852591872215271
1744536465.2012124,4,0.8495036363601685
1744536467.3204794,5,0.8801049590110779
1744536469.372154,6,0.8763381242752075
1744536471.4270148,7,0.8698025345802307
